[
  {
    "orderNumber": 123456,
    "items": [
      {
        "drug": "Amnetivil",
        "quantity": 3
      },
      {
        "drug": "Ropeadope",
        "quantity": 1
      },
      {
        "drug": "Ruxapam",
        "quantity": 15
      }
    ]
  },

  {
    "orderNumber": 7891011,
    "items": [
      {
        "drug": "Steriods",
        "quantity": 50
      },
      {
        "drug": "Waynazine",
        "quantity": 16
      },
      {
        "drug": "Gethighanol",
        "quantity": 15
      },
      {
        "drug": "Funnacil",
        "quantity": 4
      },
      {
        "drug": "IllegalDrug",
        "quantity": 400
      }
    ]
  }
]
